query_id,corpus_id_pred,rank
q00001,MSFT20230236,1
q00001,MSFT20230170,2
q00001,MSFT20231728,3
q00001,MSFT20230025,4
q00001,MSFT20230254,5
q00001,MSFT20230482,6
q00001,MSFT20230233,7
q00001,MSFT20230230,8
q00001,MSFT20230530,9
q00001,MSFT20230155,10
q00007,MSFT20230482,1
q00007,MSFT20230183,2
q00007,MSFT20230509,3
q00007,MSFT20231767,4
q00007,MSFT20230574,5
q00007,MSFT20230594,6
q00007,MSFT20230584,7
q00007,MSFT20230261,8
q00007,MSFT20230530,9
q00007,LIN20230839,10
q00008,ADBE20231120,1
q00008,V20231038,2
q00008,MSFT20230508,3
q00008,PG20230470,4
q00008,ORCL20231547,5
q00008,NVDA20231339,6
q00008,META20230724,7
q00008,NFLX20230123,8
q00008,NVDA20230937,9
q00008,NVDA20230492,10
q00010,JNJ20231469,1
q00010,JNJ20230244,2
q00010,UNH20231233,3
q00010,JNJ20230524,4
q00010,META20230585,5
q00010,NFLX20230232,6
q00010,MSFT20231609,7
q00010,UNH20230282,8
q00010,LIN20230189,9
q00010,LIN20231723,10
q00019,CPNG20230539,1
q00019,CPNG20230684,2
q00019,CPNG20230173,3
q00019,CPNG20230124,4
q00019,CPNG20231426,5
q00019,CPNG20230730,6
q00019,CPNG20230868,7
q00019,CPNG20230947,8
q00019,CPNG20231541,9
q00019,CPNG20231567,10
q00021,CPNG20230644,1
q00021,DAL20231905,2
q00021,CPNG20230658,3
q00021,CPNG20230644,4
q00021,BRK.A20231462,5
q00021,DAL20231918,6
q00021,DAL20231917,7
q00021,DAL20231910,8
q00021,JPM20231677,9
q00021,CPNG20230696,10
q00022,DAL20230783,1
q00022,NFLX20230395,2
q00022,AMZN20230439,3
q00022,META20230898,4
q00022,AMZN20230279,5
q00022,ORCL20230751,6
q00022,AMZN20230429,7
q00022,PG20230421,8
q00022,UNH20230445,9
q00022,ORCL20230751,10
q00027,LIN20231143,1
q00027,LIN20230608,2
q00027,LIN20230080,3
q00027,LIN20231985,4
q00027,LIN20230161,5
q00027,LIN20231631,6
q00027,LIN20230759,7
q00027,LIN20230219,8
q00027,LIN20230102,9
q00027,LIN20231195,10
q00028,LIN20231195,1
q00028,LIN20230161,2
q00028,LIN20231196,3
q00028,LIN20231195,4
q00028,LIN20231717,5
q00028,LIN20230553,6
q00028,LIN20231718,7
q00028,LIN20231719,8
q00028,LIN20230093,9
q00028,LIN20232169,10
q00030,LIN20230131,1
q00030,LIN20230092,2
q00030,LIN20230095,3
q00030,LIN20230027,4
q00030,LIN20230111,5
q00030,LIN20230154,6
q00030,LIN20230082,7
q00030,LIN20230133,8
q00030,LIN20230081,9
q00030,LIN20230070,10
q00034,LIN20230324,1
q00034,LIN20231717,2
q00034,LIN20230043,3
q00034,LIN20230064,4
q00034,LIN20230077,5
q00034,LIN20230219,6
q00034,LIN20230111,7
q00034,LIN20230084,8
q00034,LIN20230005,9
q00034,LIN20232083,10
q00039,CPNG20230689,1
q00039,V20230572,2
q00039,NFLX20230410,3
q00039,META20230892,4
q00039,LIN20230556,5
q00039,GOOGL20230658,6
q00039,GOOGL20230665,7
q00039,JNJ20230486,8
q00039,ORCL20230734,9
q00039,PG20230428,10
q00042,ORCL20231878,1
q00042,ORCL20231865,2
q00042,ORCL20231128,3
q00042,ORCL20230130,4
q00042,ORCL20230103,5
q00042,ORCL20230863,6
q00042,ORCL20231878,7
q00042,ORCL20230014,8
q00042,ORCL20230144,9
q00042,ORCL20230434,10
q00043,UNH20231242,1
q00043,JNJ20230545,2
q00043,JNJ20230547,3
q00043,JNJ20231467,4
q00043,ORCL20231035,5
q00043,UNH20230271,6
q00043,ORCL20231529,7
q00043,ORCL20230755,8
q00043,NVDA20230400,9
q00043,HD20230454,10
q00044,MSFT20230203,1
q00044,NVDA20230007,2
q00044,MSFT20230489,3
q00044,ORCL20230057,4
q00044,NVDA20230467,5
q00044,ORCL20230068,6
q00044,NVDA20230010,7
q00044,MSFT20230033,8
q00044,META20230301,9
q00044,META20230192,10
q00048,NVDA20230336,1
q00048,NVDA20230374,2
q00048,NVDA20230048,3
q00048,NVDA20230109,4
q00048,NVDA20231674,5
q00048,NVDA20230663,6
q00048,NVDA20230914,7
q00048,ADBE20230404,8
q00048,NVDA20230688,9
q00048,NVDA20230715,10
q00062,PG20230208,1
q00062,PG20230230,2
q00062,PG20230240,3
q00062,BRK.A20230190,4
q00062,PG20230149,5
q00062,PG20230151,6
q00062,BRK.A20230217,7
q00062,PG20230805,8
q00062,BRK.A20230050,9
q00062,PG20230228,10
q00067,LIN20231340,1
q00067,BRK.A20232329,2
q00067,PG20230287,3
q00067,PG20231215,4
q00067,LIN20230557,5
q00067,BRK.A20230733,6
q00067,NFLX20230337,7
q00067,CPNG20230644,8
q00067,AMZN20230417,9
q00067,V20230022,10
q00070,JNJ20230478,1
q00070,TSLA20230539,2
q00070,ORCL20230728,3
q00070,DAL20231893,4
q00070,PG20231309,5
q00070,JPM20231732,6
q00070,PG20231556,7
q00070,UNH20230468,8
q00070,ORCL20230734,9
q00070,NVDA20230598,10
q00071,PG20230440,1
q00071,JPM20232386,2
q00071,JPM20235923,3
q00071,JPM20236485,4
q00071,JPM20236299,5
q00071,JPM20235922,6
q00071,DAL20230622,7
q00071,JPM20233069,8
q00071,JPM20233024,9
q00071,ORCL20231404,10
q00078,DAL20230521,1
q00078,DAL20230461,2
q00078,DAL20230466,3
q00078,DAL20231183,4
q00078,DAL20230450,5
q00078,GOOGL20231800,6
q00078,DAL20230095,7
q00078,ADBE20230572,8
q00078,DAL20230446,9
q00078,DAL20230459,10
q00081,DAL20230710,1
q00081,DAL20230797,2
q00081,DAL20231042,3
q00081,DAL20230593,4
q00081,DAL20230861,5
q00081,DAL20230913,6
q00081,DAL20230955,7
q00081,DAL20230967,8
q00081,DAL20231016,9
q00081,DAL20230223,10
q00092,BRK.A20230130,1
q00092,DAL20230233,2
q00092,DAL20230082,3
q00092,BRK.A20230860,4
q00092,JPM20232743,5
q00092,TSLA20231012,6
q00092,JNJ20231237,7
q00092,DAL20230016,8
q00092,HD20230814,9
q00092,HD20230121,10
q00095,TSLA20231470,1
q00095,TSLA20231458,2
q00095,TSLA20231459,3
q00095,TSLA20231466,4
q00095,TSLA20231462,5
q00095,TSLA20231468,6
q00095,TSLA20231464,7
q00095,TSLA20231453,8
q00095,TSLA20231454,9
q00095,TSLA20231475,10
q00099,NFLX20230006,1
q00099,NFLX20230692,2
q00099,NFLX20230311,3
q00099,NFLX20230772,4
q00099,NFLX20230261,5
q00099,NFLX20230015,6
q00099,NFLX20230509,7
q00099,NFLX20230564,8
q00099,NFLX20230662,9
q00099,NFLX20230688,10
q00103,NFLX20230061,1
q00103,NFLX20230019,2
q00103,NFLX20230090,3
q00103,NFLX20230464,4
q00103,NFLX20230126,5
q00103,NFLX20230059,6
q00103,NFLX20230692,7
q00103,NFLX20230128,8
q00103,NFLX20230462,9
q00103,NFLX20230521,10
q00108,JNJ20231469,1
q00108,JNJ20230244,2
q00108,JNJ20230524,3
q00108,LIN20230189,4
q00108,NFLX20230232,5
q00108,NVDA20230407,6
q00108,NVDA20230610,7
q00108,ORCL20230403,8
q00108,MSFT20231609,9
q00108,META20230585,10
q00111,HD20230552,1
q00111,HD20230595,2
q00111,HD20230622,3
q00111,HD20230637,4
q00111,HD20230671,5
q00111,HD20230715,6
q00111,HD20230004,7
q00111,HD20230072,8
q00111,JPM20233434,9
q00111,HD20230719,10
q00119,AAPL20230236,1
q00119,PG20231215,2
q00119,PG20231223,3
q00119,AAPL20230004,4
q00119,AAPL20230557,5
q00119,ADBE20230483,6
q00119,CPNG20230996,7
q00119,HD20230358,8
q00119,JNJ20230947,9
q00119,JNJ20230275,10
q00120,AAPL20230251,1
q00120,NVDA20230469,2
q00120,GOOGL20230045,3
q00120,TSLA20231470,4
q00120,AAPL20230244,5
q00120,AAPL20230240,6
q00120,HD20230062,7
q00120,AAPL20230247,8
q00120,AAPL20230421,9
q00120,AAPL20230441,10
q00122,JNJ20231469,1
q00122,JNJ20230244,2
q00122,JNJ20230524,3
q00122,AAPL20230255,4
q00122,MSFT20231609,5
q00122,MSFT20231610,6
q00122,UNH20230282,7
q00122,UNH20231233,8
q00122,LIN20230189,9
q00122,NVDA20230610,10
q00123,GOOGL20231800,1
q00123,NVDA20230540,2
q00123,ADBE20230572,3
q00123,META20230705,4
q00123,JPM20232308,5
q00123,ADBE20231089,6
q00123,V20231441,7
q00123,META20231323,8
q00123,TSLA20231526,9
q00123,META20231822,10
q00125,LIN20230296,1
q00125,HD20230423,2
q00125,TSLA20230492,3
q00125,PG20230286,4
q00125,META20230805,5
q00125,BRK.A20230657,6
q00125,DAL20231248,7
q00125,JPM20234067,8
q00125,JNJ20232095,9
q00125,JPM20237549,10
q00127,AAPL20230884,1
q00127,AAPL20230882,2
q00127,AAPL20231117,3
q00127,AAPL20231117,4
q00127,AAPL20230970,5
q00127,AAPL20230989,6
q00127,NFLX20231019,7
q00127,AAPL20230972,8
q00127,AAPL20230441,9
q00127,AAPL20230482,10
q00128,TSLA20231108,1
q00128,NVDA20231287,2
q00128,TSLA20231093,3
q00128,BRK.A20231679,4
q00128,UNH20231008,5
q00128,JPM20231673,6
q00128,NVDA20230974,7
q00128,AAPL20230707,8
q00128,MSFT20231296,9
q00128,ADBE20231336,10
q00131,AMZN20230757,1
q00131,CPNG20230201,2
q00131,AMZN20230405,3
q00131,PG20230058,4
q00131,AMZN20230280,5
q00131,PG20230013,6
q00131,CPNG20230300,7
q00131,AMZN20230402,8
q00131,AMZN20230146,9
q00131,CPNG20230085,10
q00137,AMZN20230006,1
q00137,AMZN20230531,2
q00137,AMZN20230549,3
q00137,AMZN20230591,4
q00137,AMZN20230623,5
q00137,AMZN20230640,6
q00137,AMZN20230678,7
q00137,AMZN20230699,8
q00137,AMZN20231356,9
q00137,AMZN20230858,10
q00145,AMZN20230747,1
q00145,AMZN20231249,2
q00145,AMZN20230006,3
q00145,AMZN20230761,4
q00145,AMZN20230354,5
q00145,GOOGL20230381,6
q00145,AMZN20230858,7
q00145,GOOGL20230985,8
q00145,AMZN20230410,9
q00145,MSFT20230470,10
q00146,LIN20231106,1
q00146,AMZN20230313,2
q00146,AMZN20230482,3
q00146,AMZN20231375,4
q00146,AMZN20231443,5
q00146,AMZN20231373,6
q00146,ORCL20231242,7
q00146,AMZN20231372,8
q00146,AMZN20230003,9
q00146,AMZN20231376,10
q00147,JNJ20230244,1
q00147,JNJ20231469,2
q00147,MSFT20231609,3
q00147,JNJ20230524,4
q00147,MSFT20231610,5
q00147,UNH20230282,6
q00147,V20231498,7
q00147,LIN20230189,8
q00147,LIN20230187,9
q00147,LIN20230186,10
q00148,AMZN20231373,1
q00148,AMZN20230006,2
q00148,AMZN20231378,3
q00148,AMZN20231375,4
q00148,AMZN20230147,5
q00148,AMZN20230533,6
q00148,AMZN20230044,7
q00148,AMZN20231377,8
q00148,AMZN20231358,9
q00148,NVDA20230478,10
q00150,META20230313,1
q00150,META20230316,2
q00150,META20230315,3
q00150,META20230316,4
q00150,META20230314,5
q00150,META20230315,6
q00150,META20230065,7
q00150,META20230311,8
q00150,META20230599,9
q00150,META20230073,10
q00153,META20230007,1
q00153,META20230008,2
q00153,JNJ20231101,3
q00153,META20230663,4
q00153,BRK.A20231153,5
q00153,JNJ20231094,6
q00153,META20230008,7
q00153,ORCL20231255,8
q00153,NVDA20230604,9
q00153,META20230298,10
q00156,META20230250,1
q00156,META20230801,2
q00156,META20230604,3
q00156,META20230146,4
q00156,GOOGL20230120,5
q00156,META20230801,6
q00156,META20230147,7
q00156,GOOGL20230365,8
q00156,CPNG20230195,9
q00156,GOOGL20230362,10
q00162,MSFT20230816,1
q00162,JNJ20231552,2
q00162,UNH20230684,3
q00162,MSFT20231607,4
q00162,JNJ20231506,5
q00162,ORCL20231806,6
q00162,DAL20231248,7
q00162,JNJ20231507,8
q00162,V20231548,9
q00162,AMZN20230738,10
q00165,JNJ20230084,1
q00165,JNJ20230636,2
q00165,JNJ20230085,3
q00165,BRK.A20230191,4
q00165,JNJ20232100,5
q00165,BRK.A20230195,6
q00165,JPM20231123,7
q00165,JNJ20230070,8
q00165,JNJ20230082,9
q00165,JPM20230005,10
q00166,JNJ20230636,1
q00166,TSLA20230484,2
q00166,GOOGL20230482,3
q00166,LIN20230556,4
q00166,META20230892,5
q00166,JNJ20230522,6
q00166,JNJ20231446,7
q00166,JNJ20230857,8
q00166,JNJ20232017,9
q00166,JNJ20231855,10
q00169,NVDA20231720,1
q00169,JPM20231217,2
q00169,JPM20230111,3
q00169,JPM20237262,4
q00169,ORCL20231951,5
q00169,JPM20236040,6
q00169,JPM20232856,7
q00169,JPM20234330,8
q00169,JPM20230983,9
q00169,NFLX20230481,10
q00171,JPM20234456,1
q00171,JPM20231163,2
q00171,JPM20231123,3
q00171,JPM20234458,4
q00171,JPM20230005,5
q00171,JPM20230105,6
q00171,JPM20236048,7
q00171,JPM20231462,8
q00171,JPM20232749,9
q00171,JPM20230403,10
q00172,JPM20238462,1
q00172,JPM20231969,2
q00172,JPM20231982,3
q00172,JPM20235636,4
q00172,JPM20238468,5
q00172,JPM20235630,6
q00172,JPM20234433,7
q00172,CPNG20230741,8
q00172,JPM20230069,9
q00172,JPM20230357,10
q00174,BRK.A20230195,1
q00174,JPM20230013,2
q00174,JPM20230069,3
q00174,JPM20232772,4
q00174,JPM20230668,5
q00174,JPM20230013,6
q00174,JPM20231123,7
q00174,JPM20230005,8
q00174,JPM20238345,9
q00174,JPM20230662,10
q00175,GOOGL20230489,1
q00175,MSFT20230106,2
q00175,LIN20230329,3
q00175,PG20230024,4
q00175,DAL20230504,5
q00175,JPM20230026,6
q00175,GOOGL20230662,7
q00175,CPNG20230128,8
q00175,ORCL20230737,9
q00175,JPM20230933,10
q00180,V20230925,1
q00180,V20230351,2
q00180,V20231876,3
q00180,V20230922,4
q00180,V20230655,5
q00180,V20230111,6
q00180,V20230114,7
q00180,JPM20235724,8
q00180,V20231372,9
q00180,V20230037,10
q00181,V20230020,1
q00181,V20230004,2
q00181,V20230023,3
q00181,V20230922,4
q00181,V20230351,5
q00181,V20230971,6
q00181,V20230354,7
q00181,V20230032,8
q00181,V20230081,9
q00181,V20230058,10
q00182,V20231002,1
q00182,V20231502,2
q00182,JPM20235081,3
q00182,V20230111,4
q00182,V20230378,5
q00182,V20231853,6
q00182,V20231835,7
q00182,JPM20235080,8
q00182,JPM20231388,9
q00182,V20230351,10
q00185,V20230099,1
q00185,V20230351,2
q00185,ORCL20230243,3
q00185,V20230037,4
q00185,CPNG20231168,5
q00185,JNJ20230624,6
q00185,V20230032,7
q00185,JPM20231167,8
q00185,AMZN20230404,9
q00185,AMZN20230368,10
q00187,V20230351,1
q00187,V20230102,2
q00187,V20230020,3
q00187,V20231372,4
q00187,V20230114,5
q00187,JNJ20230751,6
q00187,V20231998,7
q00187,V20230004,8
q00187,NFLX20230362,9
q00187,ADBE20231398,10
q00189,UNH20230374,1
q00189,UNH20230075,2
q00189,UNH20230412,3
q00189,UNH20230014,4
q00189,UNH20231685,5
q00189,UNH20230793,6
q00189,UNH20230329,7
q00189,UNH20230588,8
q00189,UNH20230303,9
q00189,UNH20231580,10
q00191,UNH20230329,1
q00191,UNH20230362,2
q00191,GOOGL20230142,3
q00191,UNH20230374,4
q00191,UNH20231580,5
q00191,AAPL20230320,6
q00191,UNH20230587,7
q00191,UNH20230588,8
q00191,UNH20231571,9
q00191,NFLX20230259,10
q00197,MSFT20231528,1
q00197,JPM20231688,2
q00197,MSFT20231521,3
q00197,V20231036,4
q00197,NFLX20230259,5
q00197,BRK.A20230655,6
q00197,JPM20233850,7
q00197,DAL20230423,8
q00197,ADBE20230628,9
q00197,UNH20230368,10
q00200,GOOGL20230660,1
q00200,GOOGL20230392,2
q00200,GOOGL20231779,3
q00200,GOOGL20230055,4
q00200,GOOGL20230614,5
q00200,GOOGL20230421,6
q00200,GOOGL20230432,7
q00200,GOOGL20231003,8
q00200,GOOGL20231015,9
q00200,GOOGL20230381,10
q00204,GOOGL20231198,1
q00204,GOOGL20230226,2
q00204,GOOGL20230330,3
q00204,GOOGL20230409,4
q00204,GOOGL20230460,5
q00204,GOOGL20230717,6
q00204,GOOGL20230901,7
q00204,GOOGL20231068,8
q00204,GOOGL20231283,9
q00204,GOOGL20231825,10
q00210,BRK.A20232401,1
q00210,BRK.A20230005,2
q00210,BRK.A20231065,3
q00210,BRK.A20231122,4
q00210,BRK.A20231157,5
q00210,BRK.A20231194,6
q00210,BRK.A20231245,7
q00210,BRK.A20231292,8
q00210,BRK.A20231344,9
q00210,BRK.A20232563,10
q00212,BRK.A20232401,1
q00212,BRK.A20231350,2
q00212,BRK.A20230004,3
q00212,BRK.A20230005,4
q00212,BRK.A20230330,5
q00212,BRK.A20230007,6
q00212,BRK.A20230121,7
q00212,BRK.A20231194,8
q00212,BRK.A20231292,9
q00212,BRK.A20231344,10
